Year,prejudice_care,prejudice_fair,prejudice_loya,prejudice_auth,prejudice_sanc,prejudice_general,bullying_care,bullying_fair,bullying_loya,bullying_auth,bullying_sanc,bullying_general,mental disorder_care,mental disorder_fair,mental disorder_loya,mental disorder_auth,mental disorder_sanc,mental disorder_general,trauma_care,trauma_fair,trauma_loya,trauma_auth,trauma_sanc,trauma_general,secession_care,secession_fair,secession_loya,secession_auth,secession_sanc,secession_general,conspiracy_care,conspiracy_fair,conspiracy_loya,conspiracy_auth,conspiracy_sanc,conspiracy_general,sovereignty_care,sovereignty_fair,sovereignty_loya,sovereignty_auth,sovereignty_sanc,sovereignty_general,terrorism_care,terrorism_fair,terrorism_loya,terrorism_auth,terrorism_sanc,terrorism_general
1979,0.65343964,0.7549163,0.6696625,0.63765186,0.7212758,0.7574552,0.79670125,0.7470236,0.7510983,0.6667365,0.7885556,0.7346765,0.7892323732376099,0.8075050711631775,0.6922488808631897,0.7505813837051392,0.7914364337921143,0.74283766746521,0.64038676,0.5452069,0.5533994,0.4645244,0.61540043,0.62023354,0.5597817,0.5535254,0.594771,0.5403979,0.5158261,0.5107392,0.5869961,0.5703393,0.58984786,0.5713693,0.5475342,0.5142481,0.56472075,0.59582883,0.6060759,0.5614455,0.53413796,0.5347536,0.80839443,0.78883356,0.809264,0.79416084,0.7858263,0.7520978
1980,0.6397575,0.7129965,0.64684665,0.6020292,0.689554,0.74500704,0.8414984,0.78620046,0.81341934,0.7452735,0.83758754,0.77976006,0.5619350671768188,0.463758260011673,0.48013192415237427,0.5243879556655884,0.5166350603103638,0.463165283203125,0.6454854,0.5487722,0.57207704,0.46773106,0.6331742,0.6300437,0.5654037,0.5670754,0.60677356,0.5600321,0.53189933,0.50565904,0.57755315,0.5691491,0.5831926,0.5782068,0.50973964,0.46259767,0.5696986,0.61370194,0.6071563,0.57656944,0.53061944,0.5310068,0.6890503,0.70185626,0.7276247,0.7244935,0.6335906,0.62378174
1981,0.6673252,0.733521,0.6794125,0.6261093,0.731033,0.76330537,0.75867826,0.68917227,0.721591,0.63273644,0.77839303,0.68953204,0.6620519161224365,0.5675650238990784,0.561280369758606,0.55192631483078,0.6502532958984375,0.6162813901901245,0.66148794,0.5758893,0.5602493,0.47844496,0.66391027,0.6444119,0.55894935,0.5660018,0.6111307,0.55729055,0.5217327,0.5234911,0.59033096,0.60051185,0.60916334,0.62307626,0.5168979,0.5025598,0.5612712,0.6180675,0.6156772,0.5841914,0.53134835,0.53881395,0.71128035,0.69791675,0.70981514,0.74276626,0.590487,0.5826586
1982,0.61485046,0.6859125,0.6181761,0.5740208,0.67167425,0.705574,0.7516719,0.68314993,0.7225256,0.63379455,0.76186544,0.68510103,0.6591697335243225,0.5830510854721069,0.552443265914917,0.5958743095397949,0.5950549244880676,0.5112411975860596,0.7210483,0.6210878,0.6227962,0.5272727,0.7016449,0.6834761,0.5848499,0.5920381,0.6385449,0.58495826,0.5482271,0.5356816,0.58302397,0.5982691,0.62079,0.6198179,0.53335357,0.4971637,0.54431003,0.5981879,0.58170676,0.57113755,0.50473416,0.5111846,0.7644321,0.76480937,0.7317554,0.7362256,0.69364536,0.6566746
1983,0.5479474,0.6215223,0.53558,0.49596784,0.6029536,0.65386856,0.8060651,0.7475091,0.76465356,0.67788136,0.7963621,0.7447859,0.6953808069229126,0.6716432571411133,0.5720903873443604,0.5898722410202026,0.6634073257446289,0.6036374568939209,0.7015159,0.6194797,0.61277664,0.52925044,0.6873981,0.67808753,0.5616225,0.5615696,0.6049632,0.5758145,0.5266832,0.50290096,0.6109117,0.5998396,0.6261784,0.61346495,0.55380714,0.53303194,0.52464616,0.5870706,0.58213514,0.5509285,0.48587054,0.4804729,0.7733625,0.7767857,0.7575445,0.77626216,0.715455,0.6806896
1984,0.5713061,0.6406318,0.57812077,0.52742654,0.5895616,0.6633689,0.7752613,0.6840495,0.71035707,0.63663447,0.76476425,0.6813171,0.6563867330551147,0.6094290018081665,0.5443519353866577,0.5803781747817993,0.6179192066192627,0.5423580408096313,0.7275935,0.6348912,0.65302896,0.5704117,0.7177866,0.6843188,0.5791809,0.5782541,0.62566674,0.5534524,0.5513418,0.54535335,0.6430675,0.6160879,0.63697165,0.64872825,0.5526741,0.5405236,0.5479367,0.59244406,0.60372746,0.5734927,0.50376683,0.5225444,0.7215151,0.709729,0.6772164,0.7084971,0.6268764,0.60084885
1985,0.5931143,0.6698426,0.59472764,0.56660736,0.6468633,0.71269655,0.77125394,0.69131285,0.727027,0.63265145,0.7755357,0.69663,0.57328200340271,0.4822603464126587,0.4853113293647766,0.5225017070770264,0.5019211769104004,0.43239066004753113,0.74470466,0.60917825,0.63790655,0.55354846,0.7218902,0.64643395,0.57429034,0.5502422,0.60527295,0.5444341,0.53066444,0.5068783,0.6440295,0.59955,0.6467596,0.64531195,0.5635854,0.52121574,0.5513413,0.5825761,0.5940921,0.57760805,0.50687844,0.499584,0.6517712,0.6775475,0.6417241,0.66900754,0.60286796,0.5729907
1986,0.6292027,0.70322305,0.62495875,0.5617586,0.68239117,0.7401357,0.82931286,0.7726781,0.78303206,0.7207013,0.7802495,0.7200141,0.6379587650299072,0.5150445103645325,0.5297744274139404,0.5383250713348389,0.5927168130874634,0.542347252368927,0.62822497,0.5114939,0.51956147,0.48741794,0.61583483,0.56664336,0.5713572,0.5158485,0.58740145,0.5424291,0.5204988,0.50082886,0.64019537,0.5934023,0.6294701,0.62872577,0.55608153,0.5186837,0.56983125,0.5973005,0.6172087,0.5935894,0.52439255,0.51949775,0.61382306,0.598066,0.6004713,0.61386704,0.5495001,0.5155754
1987,0.6132584,0.69525564,0.6287246,0.56408525,0.6785524,0.73584455,0.79738724,0.80509466,0.78733385,0.7227687,0.81749594,0.8006463,0.6108874082565308,0.4812542796134949,0.5045307874679565,0.5087701082229614,0.5484871864318848,0.497398316860199,0.6559892,0.50621444,0.53847086,0.4668301,0.59951735,0.5730321,0.5514195,0.54050744,0.5915717,0.5263249,0.5131644,0.4931896,0.6525428,0.62111235,0.670141,0.6547933,0.56562936,0.51766,0.5723195,0.62523144,0.63174146,0.6078814,0.52313834,0.5199176,0.6527267,0.67743754,0.6611681,0.67867947,0.5728899,0.5605024
1988,0.643027,0.70447683,0.65974116,0.59676284,0.6967181,0.7565917,0.7981199,0.72821736,0.76488566,0.69792986,0.8289507,0.7585012,0.6509392261505127,0.535841703414917,0.518425703048706,0.539546549320221,0.5906994938850403,0.5210384130477905,0.6685246,0.5391751,0.5480884,0.47466373,0.64066625,0.59507275,0.5503688,0.5381347,0.6002257,0.5284328,0.5214962,0.534922,0.6327788,0.59500927,0.6386249,0.6201838,0.57910264,0.54575574,0.5585816,0.5938717,0.61099935,0.5764984,0.5324181,0.52494824,0.6442832,0.65265644,0.63567376,0.66241884,0.5856533,0.55269545
1989,0.6489782,0.7143823,0.6416545,0.58477205,0.68913984,0.74626225,0.7771919,0.71422666,0.7232349,0.66227347,0.80740386,0.7300309,0.5845603942871094,0.5163536667823792,0.4727596044540405,0.5029560923576355,0.5391775369644165,0.49546748399734497,0.6506803,0.5239043,0.5698223,0.50978494,0.6005051,0.59561294,0.55360055,0.54989445,0.59003305,0.5384454,0.5110934,0.51790833,0.6241847,0.60085917,0.6144775,0.6038796,0.5292628,0.5165098,0.53270525,0.5835492,0.59209913,0.57516617,0.4885451,0.4865553,0.6926677,0.7030169,0.6911897,0.7054006,0.598768,0.5955214
1990,0.7044429,0.7163278,0.6901995,0.6045635,0.7361299,0.7741424,0.70068836,0.6426544,0.6829797,0.6020762,0.7218969,0.6627547,0.6442863941192627,0.570448637008667,0.5098138451576233,0.5409280061721802,0.5642406940460205,0.4916853606700897,0.7134849,0.58063114,0.6065521,0.5016522,0.661013,0.63967484,0.5248025,0.53300244,0.5735079,0.5316825,0.4875872,0.4901456,0.63612115,0.6134961,0.6373838,0.62378037,0.5610622,0.5531316,0.527121,0.594164,0.59272784,0.57063484,0.5010656,0.49103943,0.7048675,0.75295514,0.7146795,0.73365796,0.6405682,0.6459203
1991,0.6456053,0.7101889,0.6375996,0.5801246,0.69670904,0.71967524,0.6991855,0.64793015,0.710914,0.62061,0.7435629,0.6624073,0.5929281711578369,0.49851304292678833,0.49943432211875916,0.520459771156311,0.5752870440483093,0.506605863571167,0.6498197,0.5275115,0.54771113,0.48681092,0.56573117,0.5343653,0.5530081,0.57253385,0.593758,0.5639391,0.52426493,0.5169614,0.6291022,0.6229807,0.6429699,0.62786907,0.5888339,0.5670393,0.5188104,0.5826812,0.5872476,0.5681243,0.509984,0.51852435,0.6809746,0.7029328,0.66812825,0.69223434,0.61068225,0.57616967
1992,0.6942365,0.76000047,0.65801036,0.61701894,0.7285887,0.76581544,0.81628525,0.736216,0.76494396,0.69369507,0.8536103,0.7578431,0.6432807445526123,0.5539687871932983,0.5433716773986816,0.5364149808883667,0.6072812080383301,0.5503625869750977,0.71705055,0.5862814,0.60215735,0.52634585,0.665405,0.6393639,0.5418472,0.5471892,0.58332634,0.5377633,0.50910467,0.50093067,0.70362234,0.687214,0.6753706,0.6769062,0.6282586,0.60193384,0.5174774,0.59606147,0.58351505,0.56659436,0.49232507,0.5196642,0.7130995,0.7338288,0.7062497,0.705912,0.618489,0.62504053
1993,0.6656944,0.751552,0.705107,0.6394396,0.7047359,0.75880444,0.7285857,0.65657353,0.73284316,0.6387428,0.777878,0.72208273,0.6412365436553955,0.5711823105812073,0.521795928478241,0.5714794397354126,0.5413469076156616,0.490764319896698,0.74747205,0.5895666,0.64554787,0.5692463,0.7004535,0.6310519,0.580728,0.57366145,0.61170137,0.5834207,0.54642045,0.52312493,0.6903118,0.6334958,0.6669022,0.6863155,0.5995123,0.5171205,0.5262704,0.59937847,0.5925802,0.5762926,0.4974388,0.5100808,0.72102046,0.7187063,0.72671103,0.7296586,0.64688474,0.6081332
1994,0.6680819,0.7151964,0.67375535,0.6222422,0.7147565,0.74673665,0.7181006,0.65364325,0.69893104,0.58759266,0.76000834,0.70992476,0.5760774612426758,0.470155268907547,0.4933824837207794,0.507452130317688,0.5208932757377625,0.46360599994659424,0.6910315,0.5199919,0.58347213,0.5239163,0.61472934,0.57171,0.54996276,0.55402017,0.5789934,0.5298179,0.54285705,0.52550393,0.6824933,0.6869212,0.6769467,0.66603184,0.61332,0.57994604,0.51448023,0.58107424,0.5693788,0.55775523,0.5012044,0.5095186,0.6904627,0.7138082,0.7020713,0.7027242,0.62999856,0.6233969
1995,0.6216588,0.690189,0.6411603,0.56905174,0.6955461,0.72277075,0.6705762,0.60311586,0.66496944,0.5703596,0.6774888,0.61588097,0.6785166263580322,0.5386097431182861,0.526780366897583,0.5323413610458374,0.6287907361984253,0.5304324626922607,0.70637506,0.5684334,0.6029814,0.49269158,0.65263665,0.59372914,0.5020585,0.5135108,0.5505698,0.4900241,0.5034224,0.4908373,0.6341827,0.5719441,0.63561547,0.6130113,0.5667673,0.493309,0.53162134,0.59133303,0.5824247,0.56328225,0.5114311,0.50083464,0.6606492,0.63341284,0.6109859,0.60092103,0.5882087,0.530666
1996,0.6203569,0.67115754,0.6290375,0.56945515,0.67147917,0.688483,0.69925404,0.6398366,0.7048664,0.5890293,0.74183434,0.6630191,0.6834419369697571,0.5910813808441162,0.536946177482605,0.5514031648635864,0.5938210487365723,0.5219222903251648,0.64564914,0.48112956,0.51700765,0.4496498,0.5923558,0.52323455,0.49621075,0.5215228,0.547143,0.49863335,0.50420505,0.48493558,0.59309566,0.5494597,0.6156842,0.5991361,0.54548085,0.49121943,0.50349593,0.5740853,0.5793102,0.57285696,0.49307737,0.4859166,0.6256149,0.6227088,0.5914061,0.5995581,0.5673114,0.5118023
1997,0.6300914,0.6918272,0.64077294,0.57460856,0.68140244,0.7056062,0.6961362,0.6442609,0.68948936,0.58287436,0.7193202,0.66235757,0.6468977928161621,0.5842725038528442,0.5036839842796326,0.5201671123504639,0.5853007435798645,0.4982602596282959,0.69894946,0.5233901,0.592458,0.51754856,0.6137743,0.5241187,0.4921089,0.49656734,0.53801847,0.50367945,0.4742787,0.45954773,0.67919,0.6352654,0.66685355,0.64551264,0.6244103,0.57390064,0.5098363,0.5665456,0.57502085,0.55863786,0.4861288,0.4758917,0.64648134,0.66075814,0.6055847,0.5941976,0.58747613,0.54746974
1998,0.63048977,0.7053557,0.63985205,0.5835956,0.6804223,0.7137494,0.6901687,0.6150856,0.7019011,0.58995277,0.7491014,0.6940291,0.6069173812866211,0.5410648584365845,0.5347894430160522,0.555489182472229,0.559639573097229,0.5019629001617432,0.72156537,0.5525584,0.58894813,0.53107584,0.6611482,0.5661826,0.533538,0.5308897,0.5785319,0.5255439,0.5027075,0.48915765,0.65715337,0.6326531,0.66669285,0.65608627,0.5926665,0.5467557,0.5315898,0.5914704,0.58697945,0.5685078,0.5074847,0.5089059,0.62344235,0.6187551,0.6102901,0.6046686,0.57118326,0.543554
1999,0.65109074,0.7312621,0.6558424,0.60788614,0.70035934,0.7415825,0.6835848,0.591235,0.6664277,0.5891509,0.6906883,0.63034946,0.6064497828483582,0.46376535296440125,0.4860736131668091,0.4969676434993744,0.5223669409751892,0.42981064319610596,0.579944,0.43289322,0.47653353,0.45588648,0.5052316,0.46163672,0.491616,0.51216996,0.5322751,0.49161828,0.49684313,0.48195392,0.6665517,0.6463237,0.6623806,0.63230133,0.6318861,0.58697706,0.5058459,0.54333127,0.55014694,0.5349922,0.49651894,0.48750943,0.6038586,0.6050651,0.5912938,0.59684294,0.55755687,0.51076365
2000,0.6273775,0.66331714,0.6053944,0.52041805,0.66186154,0.68050194,0.7031362,0.65310633,0.6991998,0.602708,0.73586875,0.67784065,0.7073144912719727,0.5683650374412537,0.5694105625152588,0.5577356219291687,0.6543318629264832,0.5536096096038818,0.5916812,0.44733623,0.48187166,0.44288832,0.52508783,0.46546566,0.49192685,0.51120555,0.55887395,0.5016463,0.50671184,0.47892267,0.6592699,0.633855,0.6566013,0.59435976,0.6223089,0.5393685,0.51546437,0.55961585,0.57643706,0.5532582,0.5008234,0.48841888,0.59195334,0.57750285,0.6002698,0.58680487,0.55288744,0.509318
2001,0.652431,0.7056916,0.6693002,0.5636075,0.690012,0.7074428,0.7155016,0.6494309,0.71091413,0.614284,0.74908495,0.6829303,0.6874892115592957,0.5894032716751099,0.586844801902771,0.568740963935852,0.6235091686248779,0.528580904006958,0.72274494,0.5715983,0.5899546,0.52146584,0.6619643,0.5734511,0.5061069,0.5177194,0.56005263,0.51189804,0.5135454,0.48014152,0.6582253,0.6278473,0.6717304,0.6322502,0.66033167,0.59101504,0.530044,0.5543753,0.58317184,0.55464363,0.48758203,0.46718878,0.53842264,0.5369199,0.53678316,0.53970736,0.48503283,0.45155996
2002,0.66326594,0.7357563,0.6560385,0.59333235,0.7096695,0.73836005,0.8347115,0.74701905,0.79750806,0.725151,0.88749623,0.7701867,0.639163613319397,0.5111063718795776,0.5068762898445129,0.538138210773468,0.5518355965614319,0.4442971646785736,0.733148,0.5946567,0.6175381,0.54139364,0.6610824,0.59311724,0.5118649,0.5257242,0.5511241,0.5028147,0.5092406,0.4899447,0.6892142,0.65871626,0.6487734,0.6114489,0.6394063,0.58493364,0.52191234,0.5619881,0.572875,0.546659,0.4904099,0.4922713,0.5318116,0.5429854,0.51927066,0.5209713,0.4771292,0.4824283
2003,0.622372,0.68278265,0.6305397,0.5711171,0.6325877,0.6968721,0.80045915,0.74369806,0.77969253,0.70644605,0.8589886,0.7756102,0.6317561864852905,0.5357576012611389,0.46597594022750854,0.4969312846660614,0.5564042329788208,0.4594065845012665,0.6805358,0.5213676,0.56033957,0.49601388,0.6254699,0.5498345,0.47724932,0.49402583,0.50874805,0.47848096,0.47163993,0.44395182,0.6984535,0.65091956,0.6849326,0.6718552,0.6180162,0.55755216,0.5196564,0.54145515,0.5666503,0.5452956,0.476256,0.47740835,0.53275895,0.513014,0.5214831,0.5009287,0.49250704,0.46390367
2004,0.5220231,0.58048975,0.5247978,0.49407613,0.5619959,0.5699198,0.6668284,0.6283742,0.6504468,0.5643183,0.69126177,0.621117,0.5312091112136841,0.42294955253601074,0.41471004486083984,0.41039884090423584,0.4758457839488983,0.4069075584411621,0.5654148,0.41156518,0.44693875,0.3969361,0.503619,0.4009475,0.4980742,0.49086505,0.53239775,0.4965164,0.4800855,0.40745527,0.55703366,0.5020322,0.55075854,0.51429385,0.553412,0.4451675,0.45217198,0.48878178,0.48735416,0.48106074,0.41850454,0.41561174,0.5076784,0.48166806,0.48971477,0.46416718,0.46017367,0.3941056
2005,0.6335736,0.70256364,0.6281528,0.5446807,0.67274845,0.72188985,0.7006208,0.62073874,0.705931,0.60336316,0.70158494,0.6265483,0.6229779720306396,0.5182915925979614,0.47290706634521484,0.5045346021652222,0.5268615484237671,0.44836756587028503,0.7082033,0.5657834,0.5650667,0.48600066,0.66236687,0.5796968,0.46737048,0.5047666,0.512985,0.4790173,0.4668204,0.44057605,0.66434014,0.6266898,0.64982617,0.6246161,0.6166465,0.5375494,0.5113122,0.5657497,0.5594064,0.53544503,0.4981717,0.47467256,0.5358267,0.5370067,0.5017719,0.49403977,0.5103911,0.46718204
2006,0.6681168,0.6923015,0.62937725,0.5452156,0.6696213,0.6674646,0.71509594,0.6368996,0.71027064,0.58125037,0.78507906,0.68736404,0.6244442462921143,0.5268161296844482,0.5138984322547913,0.5366963148117065,0.5340170860290527,0.49724695086479187,0.6926815,0.56649446,0.542342,0.4887383,0.65001655,0.5805595,0.4955845,0.50277907,0.52667326,0.48245934,0.47778672,0.45701998,0.65085137,0.59852546,0.6360359,0.63471603,0.5856422,0.4850812,0.5016525,0.5470909,0.5677776,0.55511737,0.47456574,0.46214694,0.5458453,0.5459324,0.5289223,0.52296585,0.5105066,0.45664555
2007,0.6092197,0.64955026,0.6188916,0.5639973,0.6030381,0.6063339,0.71442056,0.6145107,0.7309097,0.6440909,0.73864734,0.63851655,0.6772514581680298,0.5054261684417725,0.4923640489578247,0.5063192248344421,0.5412179231643677,0.4350013732910156,0.6644346,0.55018497,0.5527139,0.46334797,0.60543644,0.55890876,0.4929864,0.48814815,0.5232378,0.487468,0.4711655,0.4253205,0.64243543,0.5566211,0.6387696,0.6094977,0.609566,0.50231475,0.51203173,0.53684115,0.54725754,0.54388,0.47018653,0.4093269,0.52924347,0.5263752,0.51675874,0.5171306,0.493607,0.42851305
2008,0.54774624,0.62856275,0.5574267,0.49199253,0.5983542,0.61530817,0.71857846,0.6563662,0.6971778,0.60932684,0.77224696,0.6745537,0.6109253168106079,0.5669889450073242,0.4637439548969269,0.5215412974357605,0.5629977583885193,0.47764337062835693,0.6343238,0.46933013,0.4818132,0.42930722,0.5587046,0.48368943,0.47665757,0.49343213,0.53047097,0.47502714,0.4982755,0.4552381,0.6132457,0.62422246,0.63857293,0.61853635,0.66056895,0.5671942,0.46516708,0.5395297,0.5297728,0.5204979,0.4427962,0.42198187,0.5335477,0.530426,0.52339363,0.5037431,0.49354073,0.45896775
2009,0.59110963,0.6889032,0.5750624,0.5530488,0.6292139,0.6522121,0.65573573,0.59154546,0.61267155,0.55642605,0.64618015,0.6040545,0.6480812430381775,0.5183985233306885,0.5149136781692505,0.5489910840988159,0.5414785742759705,0.4548981189727783,0.59630656,0.4099595,0.45517904,0.36954463,0.52088374,0.45533437,0.48174095,0.4840684,0.5307888,0.4655208,0.48591402,0.46786478,0.60815465,0.5478749,0.6322479,0.58728004,0.5759902,0.49685714,0.42782864,0.47035098,0.48271257,0.4757577,0.4198278,0.41005605,0.53872955,0.5243294,0.513072,0.5151391,0.48319167,0.46045578
2010,0.55182266,0.6230478,0.5559224,0.50593984,0.60536206,0.61937654,0.7129626,0.64100087,0.67150885,0.6380272,0.7238369,0.60900384,0.6025466918945312,0.495140939950943,0.46927279233932495,0.4850006699562073,0.5001932382583618,0.40977808833122253,0.5790546,0.41057816,0.45997047,0.3775084,0.5008259,0.43475264,0.48862982,0.4887419,0.53075194,0.47653627,0.47082275,0.43017775,0.63062024,0.6031698,0.60273844,0.62169564,0.61511534,0.5208894,0.46090287,0.48260075,0.46083215,0.46626064,0.40957737,0.36986357,0.52030545,0.50547403,0.50642633,0.503295,0.48671108,0.41704655
2011,0.5900768,0.6342114,0.5841328,0.49533695,0.63894844,0.6405175,0.5841845,0.53259254,0.5800156,0.5374335,0.572134,0.53556955,0.6206979751586914,0.5351049900054932,0.4541577100753784,0.4919171631336212,0.5346074104309082,0.4960821270942688,0.57470447,0.39199436,0.4684041,0.40576395,0.5072986,0.438191,0.47611165,0.46331176,0.5194327,0.46968895,0.46847513,0.4260501,0.66753787,0.6169168,0.6451826,0.6364909,0.62141573,0.5200712,0.43069136,0.46442163,0.44066554,0.45738173,0.38207617,0.35428762,0.53268355,0.49914157,0.48506978,0.47658375,0.48043257,0.42322674
2012,0.57824063,0.63790154,0.5703876,0.5064132,0.61090237,0.62203956,0.6401705,0.57839346,0.6051918,0.5600195,0.65968215,0.58197486,0.6235151290893555,0.5487304925918579,0.4670444428920746,0.48914995789527893,0.5416818857192993,0.4870245158672333,0.5480187,0.3978042,0.41156924,0.40297428,0.47625953,0.41845784,0.5190098,0.49184796,0.5415967,0.49038863,0.5162823,0.45915228,0.6781678,0.5674834,0.64564484,0.6101733,0.62871933,0.50758296,0.46479502,0.49394774,0.48918763,0.48408955,0.43535203,0.4222371,0.5543467,0.53277206,0.5210186,0.5302901,0.4948944,0.44455087
2013,0.5284303,0.58049566,0.53716373,0.4974247,0.56340647,0.5675344,0.635294,0.53178316,0.64721304,0.5702832,0.6768414,0.591693,0.5630195140838623,0.4932272434234619,0.4135861396789551,0.44229739904403687,0.48747164011001587,0.40604671835899353,0.6325618,0.42792818,0.49188533,0.4300632,0.53912306,0.44238347,0.53841674,0.49769935,0.5582657,0.5049449,0.5345339,0.46711278,0.69909596,0.64690876,0.6705593,0.6654192,0.6400565,0.55173373,0.43896168,0.46620998,0.46815103,0.47003356,0.3904915,0.39407346,0.5854551,0.5459914,0.55359155,0.5323061,0.5145267,0.4665267
2014,0.5497605,0.59563583,0.54488516,0.47755805,0.5815119,0.5843299,0.6395041,0.5954978,0.6232508,0.5988374,0.62697756,0.5446617,0.6139978170394897,0.5178923010826111,0.4612087309360504,0.47404325008392334,0.45109015703201294,0.4092307984828949,0.65504205,0.49621904,0.5030346,0.44662324,0.55590385,0.47757405,0.5260845,0.50190437,0.56532186,0.5131732,0.5063336,0.46800628,0.68566644,0.6636168,0.6395261,0.62513816,0.6635287,0.56242424,0.41990244,0.46823984,0.4792626,0.471901,0.38435748,0.39300603,0.5134524,0.46650505,0.4805498,0.4728357,0.45664653,0.4039336
2015,0.5526065,0.62255013,0.56342137,0.499714,0.57001746,0.5711105,0.6177276,0.5734916,0.60257185,0.5491289,0.5986082,0.58105206,0.6746546030044556,0.5912330150604248,0.5384207963943481,0.5173003673553467,0.5671085119247437,0.49263498187065125,0.6418099,0.46990445,0.514147,0.45026785,0.5466304,0.44744882,0.493702,0.4790342,0.5337511,0.47681257,0.46940136,0.43326855,0.6031158,0.5700693,0.6293733,0.622637,0.5526694,0.4931474,0.43721628,0.4911018,0.48496348,0.4757022,0.3902014,0.4127941,0.4968613,0.48843274,0.4805668,0.4930536,0.43516243,0.3976301
2016,0.5694171,0.5962966,0.5489472,0.48561317,0.57386315,0.57967544,0.5710414,0.55857396,0.48803324,0.48718396,0.50335383,0.5345915,0.6215031147003174,0.5257429480552673,0.47539374232292175,0.5240942239761353,0.4874841868877411,0.4334935247898102,0.5790176,0.43046835,0.475069,0.4472463,0.4785838,0.44216028,0.49891537,0.49066108,0.539439,0.504184,0.48259276,0.43325976,0.61379254,0.61871046,0.60365355,0.6205644,0.56435215,0.46659833,0.40896916,0.45456395,0.44278777,0.44770628,0.3700683,0.3708559,0.50627565,0.5024268,0.4863946,0.4859923,0.44139588,0.41452122
2017,0.5732779,0.6092615,0.5407171,0.5056654,0.57869595,0.56353724,0.54971933,0.52227885,0.45914143,0.48693997,0.49065223,0.48314825,0.6949222087860107,0.5426538586616516,0.5164599418640137,0.5132469534873962,0.5639538764953613,0.4694901704788208,0.5869912,0.41051793,0.44026113,0.38608614,0.48676455,0.41099548,0.5190488,0.52313185,0.5432484,0.4889418,0.51366127,0.48120865,0.65905964,0.60140884,0.6507826,0.67240095,0.6625609,0.5368092,0.46416155,0.5073086,0.5038079,0.5051203,0.41448522,0.40804443,0.5117566,0.49867043,0.48443115,0.4920026,0.45070082,0.40869272
2018,0.5910243,0.6544107,0.5663023,0.513394,0.6041658,0.6279541,0.5882735,0.5340202,0.4901157,0.51548517,0.5372201,0.5033716,0.6626055836677551,0.598849892616272,0.49592578411102295,0.5239159464836121,0.5698966979980469,0.4819636940956116,0.6494492,0.4689138,0.50018495,0.444057,0.5584115,0.46974924,0.509464,0.5067683,0.5239748,0.4995936,0.50081944,0.45254973,0.6554837,0.5954999,0.6431813,0.6312106,0.654706,0.5429916,0.49285167,0.52839243,0.52090037,0.50028956,0.44027218,0.43028808,0.51724064,0.500263,0.46119323,0.48333773,0.44815022,0.4058165
2019,0.5693824,0.64114165,0.5518266,0.5065868,0.58744025,0.5960116,0.59933037,0.55376744,0.53831446,0.51925695,0.5588069,0.53389776,0.7288757562637329,0.6907479166984558,0.5949991941452026,0.673352062702179,0.6253829598426819,0.5284664034843445,0.56835437,0.45894396,0.46132997,0.44929507,0.49214077,0.40854776,0.490313,0.50221545,0.52945316,0.49990398,0.49720493,0.471744,0.6704399,0.6850356,0.6589962,0.65552294,0.6681565,0.60720634,0.4645526,0.5191391,0.5210071,0.51024514,0.42546922,0.43905437,0.5124125,0.5130711,0.47390231,0.4794863,0.46708432,0.43816024
2020,0.57669675,0.6208832,0.56829894,0.5094873,0.5928164,0.59978765,0.6609752,0.6426548,0.58366275,0.5951121,0.6182219,0.6103773,0.6931559443473816,0.5894971489906311,0.5230752825737,0.5339641571044922,0.6287296414375305,0.5029305219650269,0.5827396,0.4520443,0.44103152,0.45082924,0.5157528,0.4401531,0.53274715,0.5541572,0.5405872,0.5166921,0.5315405,0.4968354,0.74539655,0.75893676,0.76024544,0.68097216,0.7838091,0.7318628,0.46751195,0.5511023,0.49756193,0.5106418,0.43775558,0.44071683,0.5335322,0.53914577,0.48014325,0.4959896,0.49208108,0.4504828
2021,0.54021823,0.63214284,0.5608512,0.5097035,0.54801035,0.5567067,0.5129851,0.4981212,0.47692108,0.44799063,0.49728262,0.47728682,0.7845523357391357,0.6490581631660461,0.614544153213501,0.6247742772102356,0.6681475639343262,0.5635236501693726,0.58356017,0.4227093,0.45730194,0.44928554,0.49926627,0.41613817,0.5029726,0.5322151,0.53217936,0.48348966,0.51022655,0.4900764,0.6647833,0.6604471,0.6727632,0.62983626,0.66090876,0.58038557,0.47017077,0.5226696,0.50366217,0.51373553,0.4501422,0.43422794,0.5227965,0.53758186,0.49387497,0.50626904,0.48516107,0.45128495
2022,0.59844005,0.6613444,0.5795604,0.51920646,0.6045891,0.6094314,0.5855993,0.5673438,0.543828,0.5088607,0.5604233,0.51820064,,,,,,,0.6711652,0.5280857,0.49620408,0.49279028,0.56909645,0.49730802,0.5095365,0.56063944,0.53887236,0.50445455,0.5135394,0.5060671,0.6977392,0.7223632,0.6960396,0.67002046,0.6871605,0.6454812,0.49525386,0.55249065,0.5250101,0.5184169,0.45830128,0.46294773,0.57020247,0.5760325,0.51994467,0.52619326,0.52051437,0.48943317
2023,0.64902407,0.7147127,0.6298361,0.5741832,0.61810714,0.64301515,0.58616793,0.5596841,0.52643865,0.512527,0.56967884,0.5583524,0.7619998455047607,0.650383472442627,0.682457447052002,0.7030972242355347,0.7254140377044678,0.6235431432723999,0.64510083,0.48897,0.45591635,0.46398783,0.51336443,0.42231652,0.5000443,0.544545,0.5307364,0.47564134,0.5048363,0.50395197,0.78568244,0.8117433,0.74724716,0.7636721,0.8200032,0.73638666,0.49257702,0.5586142,0.5184509,0.51799214,0.44274303,0.47490788,0.5876614,0.60439426,0.54521435,0.55351216,0.5143565,0.4995882
