Year,友善,关心,保护,同情,欺负,伤害,折磨,践踏,公平,权利,一致,平等,排外,作假,不公,歧视,忠心,同胞,爱国,团结,汉奸,背叛,变节,不忠,权威,服从,尊崇,合法,反叛,违抗,犯上,颠覆,崇高,纯净,神圣,清白,玷污,传染,罪恶,肮脏
1979,2.10313596957155,93.8222226921898,18.40117703693556,100.0,63.967275169090975,34.47418199278477,100.0,100.0,5.602524189466211,66.52331675157139,100.0,50.23672076767398,7.904743218716124,6.252104916174778,5.7546513317826005,74.44081448046228,46.05785518468302,25.12174935934457,69.56434118331732,82.31880474846194,28.39663594558083,100.0,36.02129731322778,0.0,32.625562222536914,100.0,5.825129717474939,70.62495338090456,31.133433230908526,100.0,77.7550484758278,58.19336423051431,81.1034401139226,9.80105653056653,60.23409508735189,31.696564132011133,76.09306543728329,9.46521889147133,100.0,100.0
1980,2.627365633385047,92.47184860619073,20.06899590399346,80.47386469533065,47.35515186130428,33.95248750349067,69.70513980614874,52.90030069471248,6.180948025120549,52.18693862732787,96.30590244945422,50.48364138789406,18.80968952493241,7.810510509418808,9.585414897873829,62.629960804276976,30.139098939123542,25.537651893589608,58.952431062743116,60.87848161085465,59.12468052993955,77.60560429421281,100.0,79.31987936768466,23.198138616805014,88.6380386329023,9.009751608335224,52.82701288984365,37.041697416055754,33.31362525800355,64.75756367104069,39.898611659329724,56.082779133594485,32.650872439180176,42.29060034400785,13.893782361317045,52.81116388979994,6.6383316870621405,68.86951375452655,51.25173116615931
1981,3.912085556094603,94.93214451295476,18.625651960246163,93.83019067785476,76.38659811436635,24.428998071887627,50.32209051160154,32.31479055654263,6.616741607328959,41.82046532169698,99.88381976547282,49.76939822671548,10.269301075711217,18.090591895087126,7.929142808518409,65.6235629053771,16.318694026407755,40.41742978795732,82.53223371312781,81.30780930790017,27.388746615338228,92.06655195872554,89.33858705583391,0.0,12.899751033355923,69.68069063698294,2.75185804585537,49.93424643770836,11.030843031000515,38.58026939222785,32.14082910860541,41.54921854696001,68.45035961461413,22.687644076662647,42.26932123751625,16.55001180028443,41.93844233501159,14.002786036960735,56.04208088225404,60.41415811420294
1982,4.354549155512943,88.61462658653853,22.078165092818736,74.69053460028759,67.69381962361055,29.231356715885088,49.51202622682478,41.275172115415195,6.387555961158453,67.88854911434898,98.33157656236529,52.43745358657914,10.287699007899343,20.712002325520384,4.766008942767565,70.14484267759813,32.69585945683477,30.800835085544936,82.47794224272512,63.770463934328646,37.89031572210206,66.82077589124368,9.94429347826087,39.43900795462527,19.65129358060138,97.01785087147174,6.891970319962949,51.12140484794355,14.734140401527828,44.170728852052164,32.198410904099646,23.36766647649781,71.90518303779524,47.08002938918772,60.32719266763591,16.579661918882522,68.27206264433146,18.153717588100744,48.577183773591024,62.11508744819836
1983,4.896487058913202,83.5508096434233,20.447578662120875,69.33910431704021,39.11229182682553,25.24843644963196,44.631191107178104,38.056187400297745,6.96074981825807,51.11577881192617,86.92641186298921,56.32724586113783,14.340541538786791,7.939663242960318,11.367903196805102,100.0,13.926123577287008,28.35784216839185,88.85765301894743,72.78486772296507,45.41066603473804,49.06503014875343,0.0,80.63149391991725,13.974362955894765,74.38093646079933,5.636144434359901,59.952253296657,7.530842012860959,56.440818994644474,98.74256888124008,27.3706761435323,76.19281127576943,38.16939637426088,44.76880032364938,25.42234792159394,64.42132399640015,10.543908674964925,55.35541862936285,32.56201095844873
1984,4.780293627463198,90.44598504160446,20.217818280397765,63.383605145362,41.12140177484319,28.26753683173199,37.28333887006968,19.653459742662214,4.81102408394156,36.64034674038996,95.85169789209758,50.7011641043552,7.466795249457799,7.751255368976928,6.341796190438316,72.20003527261694,10.876525801588999,38.57566750225808,75.85499607430779,57.104113900937335,29.990019865364896,26.29843398940293,0.0,39.35905598449276,12.363743920407353,65.92498588499987,5.502398964577842,44.914417115070364,7.352135449430077,33.06088844382083,96.39941188512088,15.061023740622643,53.9070724603839,25.92253092709133,37.62805970431203,16.546051118223673,47.16945652069464,12.352442600024176,34.968247392502796,41.32611055477603
1985,3.6410284948492437,85.61489493090504,19.58589921300831,66.3228115300947,51.95330205736622,31.7888326977524,39.72647131918291,22.306212731799736,7.110022001671883,28.794535963887665,81.25430490061217,42.96674014936043,9.557770990105192,43.29552151060761,8.117731051823393,42.958250698735654,27.844701590580428,40.08060669845393,83.29321952337702,47.866063546923016,48.554399624660746,20.110338112772975,9.238730609306717,0.0,18.15778132277641,91.05028444101852,5.122379567149357,54.0502193149045,10.266547912151756,25.64796744817423,29.913884283588608,8.593420823695627,61.75241127095721,43.73962912054134,32.87365420266578,12.836091238054554,56.10943337930795,13.79919558419813,34.772725098005445,34.032879883154266
1986,5.647314105365782,81.4954621572253,23.314320575151466,56.48071555813693,54.52829150354482,32.7457220957832,32.93941006531382,27.988923540427468,8.149902618492288,36.63941253958708,82.36456187704566,55.90100063044655,15.594403968710575,19.18636919461528,8.094070794957691,38.17094299138557,10.095834302817687,24.375075266261366,51.30963530351376,40.51586932803691,16.9445083744353,27.02623633667291,9.211803043225292,36.533955307375024,21.171801090830357,57.539728974852,2.5537248395189653,58.395844572379616,23.885457468841697,40.9171406043392,0.0,12.85256115418468,54.42417537451305,51.13147903686412,34.3898642492695,42.23563959050377,29.18916241417972,12.23020080736358,30.245242153447847,39.83519698258985
1987,4.444943007981916,75.93714015125906,22.286210519011547,48.092651231434346,40.967810813232205,29.438631176915337,38.009286856130956,19.2760703073939,8.835197337476465,36.20190974573723,82.18745205239473,47.62296206685805,6.942979223166043,12.012472817386408,8.108240129870394,30.356698421930776,10.113507888962856,32.27306716963607,46.7097255484599,41.48630156240514,75.17132927390007,24.453527208140198,0.0,36.5979109931541,16.3526288355027,50.32103388069665,5.755939524769275,56.46082502494101,85.45453900554301,61.48315412332393,0.0,8.809252000987248,48.497898234984014,63.27298627022442,43.33172430445285,24.36005922135327,60.917209244748186,18.760279002533633,27.342268059651264,29.559208713136503
1988,4.076433733885434,77.47988397339269,22.439631373963508,48.7538916781779,38.57326572121942,40.7284310723216,38.765289480697554,22.981376825690404,17.713145510795368,43.521129865669785,78.17882794936662,53.75581005967196,7.879619806562868,36.354698540881145,18.59006039475285,35.335343540988035,15.30382362080815,23.677967428605594,38.69974967767264,31.072442001123964,13.454268821991832,29.073967110523164,9.309173452116985,36.92012576173859,33.293138989805705,60.91688346966758,11.61323175911297,65.03184802844986,100.0,25.84352632046504,60.28393925502272,26.204696987770614,41.536897048347086,39.51384253690565,36.653946268642194,24.574529682418138,58.99539418299897,26.263886970706977,27.955737606272272,22.36459008501782
1989,6.86409068721841,80.86228116882037,22.39065500622678,57.81626736881116,40.59467344760728,52.68549904402035,35.47544355774974,33.75367121569609,13.357685177765447,45.26924791298214,97.6256917906536,50.30579728484329,15.663698615797275,66.31706232619551,21.911972113962975,42.145345991239694,29.527319930342443,33.359033913823836,83.34757125792115,49.97720027948478,28.31866263294526,47.287153742318694,68.57910381789527,38.85490172842411,41.45618897447194,61.38941042326789,6.7898977024337395,61.95115180154003,65.32165061194503,48.95611210969465,0.0,100.0,65.31124640262227,68.77443253022136,66.86294032847316,14.97293510397149,82.78268094039936,17.07190642292469,54.91871550767027,53.349609350308256
1990,5.041200830090075,99.52488382104764,23.275273200065826,41.175328711797206,53.949116951711574,25.795908360107017,33.436306331636054,25.765715814420336,8.894669983989674,37.89739126132475,79.56571596599107,54.81794791963757,15.338540638509954,7.493123827759786,16.859156379080115,37.32549273653032,21.028633625803902,42.21068464580208,72.25625058156771,63.108742389505124,26.470312994037492,47.213485681979606,38.37456626541233,0.0,17.206769764659995,51.17388429779402,4.65426379019761,48.10850438395079,24.87553376132622,15.979949000054635,31.063042728512606,52.13227079420185,75.96826993479259,79.87639558760384,48.96631084972581,11.996277117785501,60.798165247280345,11.543046683268159,28.425870817404874,47.632540288624384
1991,3.91650105726883,100.0,25.124132583853875,42.39818348215791,67.6490280389457,32.60876086158632,35.9849201124277,18.60197661837875,8.009271855784716,48.17032693360349,86.70981711706135,66.49136685060245,27.104169429654444,10.34914881338103,13.494756893931225,36.46375694645684,21.782816860299082,61.153221491030166,54.14083997051756,52.015887388238326,28.725357890971665,56.43089744903435,19.875427094491787,0.0,16.649855184669153,63.45340913158084,11.708597080484987,53.43823435363375,11.043293346735615,27.58843875286124,0.0,32.10928129792979,74.31127919508283,43.80412734471219,53.041208668031025,16.568691503345573,39.361666412511596,11.544721779085096,19.497598541685583,20.691329064645924
1992,3.8800416460038525,87.78026720152413,30.284642987894795,27.666970240044414,34.966576223723095,31.856516720108864,31.63931290395593,20.565480810352234,12.70747126845999,48.2124996940105,72.67101122035382,57.191529609961556,100.0,28.19521850651121,18.087648878828517,39.86130680124386,10.790018354313185,34.835762726520734,36.02473869907789,39.463016674309245,20.696689730048153,24.22574790853476,29.53560476472309,0.0,22.839035115440424,65.20541964538953,5.458635128863944,36.63935866400234,10.940489346950871,16.39896781500815,31.87756343523746,6.747654292366417,45.83855794859915,38.57453054348063,38.190214892901736,23.253804988953338,28.596510503259353,6.944044577303085,14.585620412387055,33.11330039568952
1993,5.602305895708649,90.71284543091555,29.31373249497779,26.90185849190304,29.127382067287222,40.589911650675,28.95420466494441,18.42157767106661,21.111173912870974,39.14335616739905,72.64250164459425,53.93631671154691,72.19388871094459,17.935372786504843,19.65277490268744,32.997194479760275,8.089338990395792,44.10798865047404,35.01031122187426,35.348712216215056,27.153748398614685,21.422061912944883,0.0,39.03069197016488,24.3098022217677,71.42461388117276,10.230925595370307,49.971377390753,40.09939003351157,21.856712444511885,31.865057543348442,6.74500711905732,56.40790485019349,48.199246704224535,54.249014582147794,28.714019293342762,36.381280474965266,10.207824056015644,17.732308774093173,18.91446269236605
1994,6.4260119956416,98.09464353886011,31.214803672714925,27.414633935140543,32.57472678199574,43.26213615648945,26.15392752507973,11.196655804129062,24.398983025588247,36.14771748993071,70.19088241773534,65.4099864573041,18.11436902351749,7.163606235632547,16.850383537315487,45.83806977168719,25.129848116642904,54.746566247544656,55.18838902519513,33.83767722033821,12.05059742149297,12.152329961148158,0.0,0.0,37.923848437031545,87.48024193800669,8.899175798007969,36.73645526019809,13.589489919670624,20.369619744400723,0.0,4.041056935305638,62.760503186587904,56.89848146698946,62.86312913278276,24.21176094649042,53.28079652992462,9.13276940290054,16.893074066870792,24.972370359722042
1995,6.871811416239841,90.51250329640527,30.71493058124728,36.28230350811801,46.44609638310355,41.48062457128542,38.71172750592919,14.474528122230105,19.73217638828062,44.11162898150881,70.70285870525386,82.47899743171638,17.710664068044945,44.942043896454955,23.190139768160005,52.36864986402851,19.3487120240796,49.97412378748595,88.36605326552768,35.46085669416316,100.0,47.52599073288387,15.692855221036748,93.35665373003815,31.601131138113086,61.76964331264997,9.788450370030528,40.83167156167945,11.625799893832278,21.782745752571778,25.40577677891776,8.066617093309713,66.97608234827821,67.89106735878863,75.29111320918642,31.61480168496766,72.51632053549399,13.998432053732287,38.64342876297589,30.160724888176304
1996,6.25076715200289,98.3786877449951,32.60357738637963,37.683288955867056,49.289918193163366,49.69464300352885,27.998208028570232,17.64123288795906,20.183466674465738,36.28459395665912,68.97388920647774,66.01698172840416,20.137564626531464,18.581990230932398,21.537740417635195,28.09483746328163,19.55562227382982,46.52315896599898,60.05118058460106,37.081584789743275,28.132712572102747,36.025666274523935,7.930335329777358,0.0,34.409020081574155,55.19646725632417,4.946562795606867,45.39514668279281,5.875061633869392,30.821958923759368,51.354919505076055,10.288157418101603,100.0,69.91173915817079,71.70164070891708,45.17476478091792,60.72748462628168,18.754494934970605,24.767645563735204,29.213120408508193
1997,10.905083934372014,94.23486360823905,29.147593426972136,46.523237786601975,48.37002540543076,45.22049164990691,28.884689532502883,13.300680108873179,20.702805876165495,35.642673097156305,69.20403101877332,69.76319338809509,13.906409124719122,8.104531740198826,32.3253162984176,36.43245480154093,25.58754354855352,87.39880701167269,62.964616570822294,45.14784999709613,8.180051729118315,16.9401338832528,15.564664557634462,0.0,34.10117322691831,59.25890312452159,8.62976994039048,48.10686809003004,77.8331153150509,4.320961686163033,75.59473170820527,7.429242872674487,84.13421575241283,69.87748309161834,77.85378615356679,42.16915206868225,51.37425317768711,10.655226236679532,14.645567253581431,28.66791887935089
1998,10.96253325766715,82.86089202263709,33.04110632699048,33.37739642495119,30.10109430584799,42.42813751047614,29.036857629256552,13.58298385008839,24.8415041026945,35.47603711723169,67.60739271652416,50.991859894639916,13.979669798225938,34.62571649299977,43.11917486091414,23.261434004549177,6.430585468693548,52.956251037280985,35.46502459024646,32.375436805996685,7.1952520916730185,14.067745880249571,7.823330562348708,0.0,29.827676354078992,58.95055416485535,7.590828551024857,48.73040533169781,43.46841652144533,13.031175131178552,0.0,9.957841383721027,68.43460488320184,75.35437763103229,52.25201122292378,100.0,53.710695023996195,14.930985661490318,18.481714729315733,22.553956957809028
1999,15.082453063380393,82.0977345646377,40.242885480271944,39.196782357408274,81.08963336037436,64.57195591576154,22.676399376246845,58.18675442553241,26.848584412809906,43.72425919451357,60.50673872027402,60.15747902983287,9.570729132873474,42.79839695895276,56.90115781772239,37.141398308224574,10.724020235432105,87.34952596371217,53.86571583416557,36.556762866804796,13.37056276635552,62.231255106404696,15.655972041901208,0.0,46.4075356722417,51.845267859621515,21.158462892685606,70.23822936920168,28.99618895651666,17.38523952178925,0.0,9.77215612917366,66.26644695454156,70.28740758207955,100.0,52.204960369209566,62.010757901922794,8.44427474292283,51.716908433207195,15.044918816933006
2000,10.531841412844802,93.98367347901898,41.739724539175924,32.704054771605236,29.851348583544144,60.99268852572297,23.528391446686484,21.257797007400534,27.033116570655118,43.968333413022414,63.26463004378845,76.79212138687865,37.213040883366105,54.5375071693204,42.76141944639778,42.21033015794609,10.628719256946898,42.72964197156848,36.90565615541174,32.15265524355866,10.19364830834063,54.33557970455956,23.27526354969705,30.769851616883965,40.74568277660751,46.615312009085464,9.140958549800656,57.012556593067565,14.369254494780497,30.15379918739522,25.120822687995986,11.96421149349461,55.82592428647963,51.930440178546334,73.31523159836047,76.53360892495613,69.65431294774245,20.923082855279088,29.822438756764498,29.822438756764498
2001,17.937144669702636,86.48093003560116,44.83420204290718,27.24780783998645,43.461932074756135,78.54677622275362,29.03556964927353,45.4979092247633,31.285244912200817,58.82024113245819,73.8940447237304,77.7008406384932,13.810627420209029,76.462754627417,50.00608621750913,41.31538755902674,27.528915839669143,36.62113227580169,32.75804364990903,38.05656593673143,10.15463856410627,29.258186284043425,7.728730731211096,0.0,48.060261387606914,47.203207204923395,6.963394413591901,65.08196858225178,11.451412206227708,25.74720392995821,0.0,13.053514232162089,71.96884051919842,46.68471322598586,81.60045781536287,35.435829893861,100.0,16.033086910552985,55.70308542539036,30.946158569661314
2002,29.57752602778211,89.86611579831592,41.94700205941362,26.776351546181054,39.06335140318413,55.373630094188265,17.57063326098032,22.53619724053294,36.5081620189881,46.67169707563761,63.63272414822719,63.35532867258448,9.492231289455171,40.42606687359073,48.372396096917846,44.2041234176603,21.272126504526113,33.84105343982716,35.58964003733054,39.12354280383703,8.160553350430972,21.308386154679773,0.0,0.0,47.44440258853584,40.7973370383524,6.456899693233294,67.09113416722367,20.13085625836282,17.242648106775356,0.0,7.601573496789138,55.04296090824917,35.48919545454596,60.68536524124192,64.72097781182828,53.3018667472243,7.0865519391776335,21.760553500137167,13.678062200086218
2003,15.386094558404903,81.3755463034608,46.622728149046345,25.826908842908825,43.78675585521702,85.12208067654817,31.807769095899513,14.716023692805441,40.6413468709671,48.95257428319128,55.41677449771426,64.10438384520252,5.217691743569233,40.12198876624199,37.91444227098,81.30874945071797,15.200727213670303,40.272197211530184,30.32517837680606,31.627867857450966,4.8595026205658876,18.085278600778587,6.164307244888788,24.44760535249616,45.415884909835555,42.66014411575361,7.689998369618202,68.04458411877245,27.400368449372497,20.535542153142142,39.91855188987431,7.242619904175034,66.0982958773089,59.37465281098954,64.9033818806526,46.248593365138355,35.809866419459325,100.0,11.600606745164429,30.605856093625306
2004,15.748311347745144,88.40064168303934,61.20760973086314,25.004628187348168,53.89455356631072,100.0,35.441342561197835,10.250363298132969,42.01384798315073,67.35396376619626,51.95738860268627,68.9067248795808,5.994007797465066,47.408454115740334,100.0,75.3106290181045,23.698934270878063,44.9153020048022,50.75957645063875,31.062430659492623,7.7756603549807055,18.0953154937194,0.0,0.0,54.61226609037364,31.86580955197843,9.780674277571814,100.0,33.72550891904932,5.055199249039072,0.0,10.0288312894484,51.14220814008337,63.91471876091115,56.16345959417907,57.557181690595236,43.27488081625898,24.364994205584853,11.301286782707539,20.41522773650394
2005,18.36757573555338,80.40402981598021,48.21973525724252,28.685522908642714,34.37866231889944,98.37407583828214,33.88217560948379,13.304738395007899,79.10793003300545,72.84950382186972,57.02451040906489,96.33838943084318,12.138103746485841,55.44231095667305,52.57739436894473,89.40468517525343,33.59389790715738,61.3522603740385,46.17592486525401,34.310539219372764,47.48030919175683,27.482799181673762,19.35933668186816,25.59300417073625,40.68241327759961,35.06165364383692,9.391997720310407,63.09168911719013,38.24547688241648,3.5829427081293206,41.788782593506355,11.530874827484956,75.45450129866836,56.8889309256137,58.15720756235287,45.72564978794744,28.96769123194539,17.13515975143331,22.737905647743766,13.436035155484952
2006,22.63505868767156,85.888203503765,54.275607979945605,23.109721604243376,47.35367326487185,71.23314450001082,25.34653213219033,10.851004914665008,67.00945276591771,51.68352734641351,56.39228450712167,81.86712139364325,8.681124101289312,24.031589653766574,56.527604862356476,57.615818371664076,23.60471107402352,51.68905492633961,34.21323387353571,34.2633836442455,8.893691335605187,17.471635535675652,6.153654008860632,48.810709365329444,40.11632613394719,28.309596118758268,12.794514023877824,55.21493786221311,34.1912684698971,13.666701574572954,19.924782064417354,11.598290412316816,60.01511078926085,61.28126248383826,50.79200511955831,47.023641239275676,25.998530430645054,9.191249189603212,9.116609824384604,14.783691607110166
2007,22.323930608567053,88.62154669304499,46.74376100253973,17.6647891801405,36.42073386895262,58.21755546672607,21.48380725362887,8.42522573440257,72.26058617076744,53.701618077471444,54.719440697276944,86.16368935059185,3.8577299092419985,36.614369064497566,42.59446902221082,77.47746065263203,17.66088289775874,60.87979869786974,38.05894368744285,41.5758340218963,10.778702264177644,14.418986237564607,17.57937382278522,46.47979369942524,44.55688202503462,28.93304271405821,9.746817942976325,53.50223906077892,15.193963071171302,13.014059373391646,37.94658065420132,14.056539001679024,58.595951681924376,39.22209597030894,55.88635014997809,33.38001250540829,17.0204318539781,12.399132142941244,10.08902439403559,23.462847427989743
2008,35.25866952968022,79.24872318966614,40.75909102630072,51.10437847821008,18.618039063422387,62.78358725773803,18.507345159168576,12.798865607443064,49.9359023132561,46.36428653955106,47.92197776125543,74.0630545814441,5.916138296787093,18.01513569520632,40.19817558585933,52.72899692704336,12.06486051289871,100.0,41.36801596600131,37.58965927840072,1.6530004628368833,17.86023518856828,18.87156602647332,24.948172344986002,37.15769483473364,28.44029831932015,10.463269068235222,42.05946943028713,20.97104515559227,10.478004643960055,40.73588795105315,9.700573601329351,79.32227008364153,59.56339918893486,75.58920021994241,54.18746911240264,36.54307676364631,16.96441970410731,4.785627121039448,9.067504018811585
2009,15.542106798154443,76.14905572802849,37.72737438751842,24.22940216149925,29.275677999113597,65.76242135987005,26.863032831227436,10.733546234410094,56.6959130450431,49.764783770660614,48.4993217179174,72.02638751243956,3.2833234702226917,43.93058166726673,51.124979186221566,51.901134042859496,20.72486549650731,78.29359591324165,54.58662154160716,38.06890105933035,12.9961885667842,24.780070392442415,0.0,0.0,34.55694236463873,34.38267544822275,9.274875551585197,47.252986864508436,28.018509049880798,19.383521729199405,0.0,13.672634424938051,64.75041484094103,64.59285735797835,53.45609021130374,43.65410018166476,29.191750166202585,15.691451241500145,10.716850956047747,9.319000831345866
2010,20.29652288115868,67.19694790521332,41.035926167864076,34.56681226884716,16.628216891142056,60.917016002265875,22.4629675936942,8.128692347837958,79.29648117519339,44.942526414076866,43.4914350798085,83.04860960834888,11.888651025447432,53.63249814562382,50.86110151861847,41.466002023099726,11.545088649534186,63.71911307225584,23.555705067194747,23.966331741175942,4.305975127693825,12.406647624647565,0.0,37.13635105688392,39.421453611926296,23.673909242949946,13.952598746297015,54.26449550510303,22.545061048210858,2.5994880737356807,30.318498177848113,15.012694904317412,63.16565810680201,77.19752057048723,48.61194855088277,33.174764703296965,32.142990115958575,10.100886540246504,6.74867096065994,8.248375618584369
2011,18.1624167856953,68.4588237581355,42.11571346056089,22.12385922106501,36.42285591586796,76.23323859863542,24.13753542362305,6.800630821767456,73.55108217628448,42.36914295540205,45.19638454074848,77.61881940204485,7.7159093582370195,27.292855950732715,56.431857871727054,39.50303768865056,9.990576431471315,38.47197054150172,33.63359783320726,28.81128140054908,11.378181965548215,37.959884768774714,13.673642952319007,18.076528491578912,39.20982326362357,23.13745357334839,13.58316267436585,52.82768345100076,35.45464613704887,5.061317969169962,14.757863401664576,17.40434800392095,65.43193927508192,55.80704647688286,46.52719523450894,33.56288940363826,26.47776996060265,12.29179484107699,7.2999778401489825,16.789949032342662
2012,25.94255918522314,57.99802234200234,43.19473095192469,13.388821278760336,48.55678804636647,78.81834380467672,16.708185949288534,8.035947398298585,78.23510932601168,49.650613841087385,42.460689079103624,81.66525592034986,3.8573970162956086,64.06961666186432,49.50724707710307,48.290528234489294,68.67528459940917,41.59793975981911,36.824855686222776,31.660905900953466,1.7962953572673837,24.15279854397714,36.45777718205734,0.0,45.17532528574944,25.031828967176313,14.52872477279706,49.7298948459351,45.57795584084155,0.0,0.0,18.182683671865977,58.992753286395114,48.35911568261345,47.317963550730184,60.151200058456325,24.067220572742983,7.563088047109446,6.569030373224552,13.86795301014072
2013,26.343674892225977,50.27211785997644,43.19465763011002,20.33464021990536,47.937903476586676,95.32734584957207,20.31793456249518,12.930773223694839,100.0,54.31759046109844,46.533065040829555,71.7668700537274,5.222718504215808,100.0,66.90706602259345,60.89393250517584,19.019214625466144,29.948475240201166,23.095052770471952,19.23285063951831,12.768483785691664,24.964210132550306,0.0,73.41347503842988,48.70675595397019,22.66591777114092,15.39481393545129,60.13152249296869,30.85511192504797,10.277663118897905,29.96775727605503,25.826691075032816,39.58292527168908,75.54896792282781,33.877652645155365,48.22203081543055,50.10064778467922,17.856060776693816,10.561781209925131,9.635309173966785
2014,100.0,44.7877287753583,40.30249345299143,20.06564655944106,26.87447550300564,89.79823594820466,28.153176257783265,13.178623699166334,85.69899349324916,52.055214170728284,48.687132439063696,100.0,13.663575476475295,49.64439325251278,98.64187621075345,55.28921572709844,26.122793909436147,39.299480790698574,46.46928031769974,20.70598364510943,5.965118062868758,32.225765789433396,36.320576845152345,0.0,71.87198207526293,25.29773766479711,22.340380452774504,58.133975966653765,30.270955893181515,25.20771012862346,0.0,37.89547097074874,51.564525340100545,79.30696362454414,36.67907438752924,55.50932089164418,41.95913610746842,15.634349219980212,16.36077340078926,11.634327751672364
2015,74.83341977839775,42.23106991254531,46.88632035449238,21.697839529244998,65.50944961104133,80.6978588765992,27.026531608627437,17.594718320072403,71.80397437506876,45.354166679900096,49.751758451956064,94.55511003862574,53.2515876769013,44.2242371563195,69.89833569078793,43.30986503230624,23.975890388128004,44.39825032685648,49.02318916077292,27.474653049968712,39.2258651469429,34.100874521857506,10.294807723978616,20.414572669487303,57.65964185384767,27.8652860378607,47.80380961582631,52.59863781131882,26.693600686766267,2.8579780551652,100.0,39.05890981620006,52.47089705539017,100.0,35.88078971672108,47.91632901946913,29.902442785875717,12.81381531118112,16.694439120315952,18.13716842700992
2016,28.958477897617946,42.36086861685361,54.70082534678804,15.338619336106953,47.64439905730713,82.28606613962847,19.889704641645302,11.212695105491015,72.63390631811892,70.18498221501818,48.35334136796025,99.7787259790376,21.68654558595222,37.379628835648646,70.20110005361478,52.43301168699571,21.45719571853585,31.056587500755583,26.046651469444903,24.5717782098014,6.287990211168516,18.11735472308285,8.70147494679172,51.76499573253369,68.36071439027805,36.14843632843674,64.2261586231029,53.03390660479613,30.620153194982624,2.4156472964110476,0.0,39.29700246731395,39.43922788597434,73.86879461530881,29.693034570514044,66.49301952324733,24.125588523645295,8.483981289321395,6.619802687280273,12.54278403905736
2017,25.881609294027413,49.73067026618322,53.22813715228347,10.350553096584001,69.12635513512086,61.36688862596229,18.554226765717974,6.982607270061882,67.73265415763524,44.61079742680186,46.203011910338844,74.82625286882424,21.96585126602576,18.6144304513161,38.07413073881104,34.828057812089256,84.88896974828013,41.2106550191486,37.450148713515446,34.18494061518229,6.888890881013683,18.946493716367403,14.29952402896227,37.807884033086516,92.60582007808107,36.29477979951742,75.97970951852648,37.50698198588187,15.890359268233167,5.292988720762957,0.0,22.051204194554373,40.602227893371925,67.69933057654264,35.31098983399278,33.77466070390029,18.87936267599147,7.317134142584518,4.007912132308489,6.870706512528837
2018,23.101260758084333,47.5788770385102,63.36454487853478,6.565982431560781,29.35962389412993,60.82576676869248,20.61322821715964,6.60538057747277,63.06251405761293,41.28157054993078,44.9001010670804,87.19355123128189,9.753489559911518,43.435062066930975,19.449300460141618,35.65640174157532,23.473169562101855,30.15155864867315,53.117511121982105,29.887475204712484,1.184859472735287,19.629878896269037,18.036013318021535,35.765360016485545,100.0,26.28696826109071,100.0,45.64853362364738,11.691479588566844,2.503520786770544,0.0,17.32807774962327,45.406609121817006,45.63909668725089,30.510153241266064,38.21473766522705,10.715657121637308,7.670141542826848,3.9719320174724966,3.6108472886113607
2019,20.84611379767152,61.4874383105148,58.21242208492565,7.972777543539817,54.79344741460348,64.84566308581876,37.58867909298591,34.295312180608484,58.84924927322726,37.0691805823604,38.67527001238138,94.2386699376919,8.45695233913476,28.919500755144075,15.21057040709871,33.964585415469315,100.0,46.70873411663981,100.0,34.96706917332622,5.559805650437273,11.0132435559067,5.289484273470735,20.97806272444819,61.80756206179354,18.6700700281085,73.68496021133485,32.19673862793188,3.918629518897769,0.0,0.0,15.666388065979275,54.478931852821866,58.72013393592847,31.625910630503064,34.54074335062945,32.12453939875996,4.60862732672969,3.6004834702002664,2.5415177436707768
2020,16.638884117450132,49.10660774470788,64.12904376765634,4.591298846975514,19.756673199576486,42.12219974126559,7.669750465180525,14.90494987251744,51.49631240866114,100.0,35.36309188840811,63.51856419211561,22.214302213560405,4.010537983823076,13.125107248672329,75.36299388671205,26.730949951793885,37.49598977684679,33.141385742440555,48.489942522004895,0.0,5.345583657550064,5.134796219769131,0.0,55.69856093518665,26.06608412062507,56.58349939558944,36.43736589248028,1.9020156786579503,5.701955901386734,0.0,17.344927094776725,39.66429412664329,31.0162816289803,14.377066909451822,19.26227010974016,12.202855411632871,43.03418157102914,2.261593085886565,9.868769829323194
2021,17.886782649419192,47.08099758563159,100.0,2.318968001805787,100.0,41.59794213405388,11.869307236295805,16.690190982233037,76.85477502229882,56.60940502584385,30.270245081914148,91.63227811659014,4.268468562330169,5.251653984134089,22.960559762752307,41.154241512283924,33.16093497529297,38.84181352704456,74.88621626174526,90.37280485594263,0.6625737709275916,21.95406827972196,0.0,100.0,79.61495776377333,29.699354480269836,77.23954124120837,25.76524067532186,11.207792360152299,0.0,0.0,22.2188015955381,64.12326354398667,31.28429247698347,24.268209675548068,14.012913254104062,21.30559524227032,6.904478026800268,5.451804581168413,7.2690727748912165
2022,21.438523388051024,59.936224011383366,92.79057288283877,2.4439908647293347,36.6417564739491,41.803176315554325,8.150803293112666,15.724147395263769,76.62391615990559,29.24011741050267,38.128517327878,83.96242424976707,8.997190271358454,0.0,22.025820819202725,32.93025018327483,20.04413335646307,55.694881105956775,62.80329327346382,100.0,1.4787427935852557,6.390970763917887,5.627381417954576,0.0,62.31095471436417,22.094498926687553,58.1115000645282,19.788936837798424,2.0844775972860816,3.124474595693189,0.0,11.157362683537256,48.72930876709036,47.77211733950441,19.695338361104536,34.40166958147946,7.4297140583503465,5.603463657298881,4.957099118167079,11.716779733849458
2023,21.585696690617347,49.6569263315889,88.52244542344528,1.5564808759046114,19.671401210860775,38.24148576862727,6.518148173995794,11.419416695709995,64.84385726202957,25.316712366958775,34.982014164580974,82.01664275486763,6.77176351011739,1.4419990209059683,14.157495985485918,24.00182781844928,16.693102624519053,34.70800289726301,37.04302274479052,59.99340745548831,0.0,7.338614377715544,0.0,21.966398018794532,57.462340801767,10.214153072657146,72.1662459435235,23.582063821839764,0.0,0.0,0.0,7.727728123013433,43.37027499281852,37.9770200684257,14.054063122875302,20.777393021118147,2.925044906994031,4.136359430419521,1.7741705088982633,1.7741705088982633
